"set","x","y","group",".sample","target1","target2"
23,-2.22851319424264,-0.903955476896209,1,2,6,1
23,0.760422069290459,1.25837745841924,2,2,6,1
23,-1.60251086289572,-1.49415924786301,1,2,6,1
23,-1.54412308608489,-1.75855251679445,1,2,6,1
23,-1.51246895026927,-0.776282245739211,1,2,6,1
23,-1.46033075424443,-1.09146487507943,1,2,6,1
23,-1.4188893872319,-2.28111307227925,1,2,6,1
23,-1.37347998694591,-1.39082881694332,1,2,6,1
23,-1.32581929046244,-1.38791439046967,1,2,6,1
23,0.621194376219372,-1.19742493624194,3,2,6,1
23,-1.22550305575936,-1.39422416699956,1,2,6,1
23,0.435515476307735,-0.883469891052093,3,2,6,1
23,-1.12890998987874,-0.768477547668367,4,2,6,1
23,-1.07985822760055,-1.40919977145121,1,2,6,1
23,0.170962466470361,-0.980288527208822,3,2,6,1
23,-1.00105294034702,0.0897354073685365,4,2,6,1
23,-0.94474956041462,0.0607373263520503,4,2,6,1
23,-0.90501308636566,-1.63814053979329,1,2,6,1
23,-0.848956198628401,-0.785157217751094,4,2,6,1
23,-0.814245488774424,-0.414633149104155,4,2,6,1
23,1.55815133521216,1.76720937427593,2,2,6,1
23,-0.712885562726431,-0.19375461184738,4,2,6,1
23,-0.66916240610448,-0.740845487802019,4,2,6,1
23,0.304982439534635,0.721939351639917,5,2,6,1
23,1.10291605177609,1.70214063255805,2,2,6,1
23,-0.526661473048687,-0.646515395606161,4,2,6,1
23,0.550245832890689,-1.19186449640009,3,2,6,1
23,-0.445124751375471,-0.0370763896819064,4,2,6,1
23,-0.393131143195391,0.344463224735341,5,2,6,1
23,-0.349812973980751,-0.254025402684772,4,2,6,1
23,0.53215293917343,-0.718896147521337,3,2,6,1
23,-1.63645143325671,-0.420309649363824,1,2,6,1
23,-1.49975712539545,-0.241176056657522,1,2,6,1
23,-0.150976386688478,-0.892887284353725,3,2,6,1
23,0.503943843026049,-1.10842234301688,3,2,6,1
23,-0.179517792343258,0.566566471305927,5,2,6,1
23,-0.0174531080770674,0.343558674468655,5,2,6,1
23,0.0239881996923628,0.413454034480767,5,2,6,1
23,0.0651606342872868,-0.0831956954014137,4,2,6,1
23,0.111544138509992,-0.490756178173451,4,2,6,1
23,0.171817389267213,0.387715093229511,5,2,6,1
23,1.42069071112352,1.1414721668074,2,2,6,1
23,0.251309625747764,0.594787427919164,5,2,6,1
23,1.25306767769916,1.21156143394326,2,2,6,1
23,0.344194130374801,0.134765971789136,5,2,6,1
23,0.3973001168527,0.2560064802003,5,2,6,1
23,-0.244933056877523,0.564401898516722,5,2,6,1
23,-0.911508705610744,0.328723851215626,4,2,6,1
23,0.544055195362678,1.07083825863022,2,2,6,1
23,0.584586030924733,0.480242051367076,5,2,6,1
23,0.638008721212415,-0.403036328378234,3,2,6,1
23,0.686595484132573,0.659851172457801,5,2,6,1
23,-0.038028303717061,-0.936384875491349,3,2,6,1
23,0.829736846166722,1.01520428135975,2,2,6,1
23,0.81706800722361,1.32542281778323,2,2,6,1
23,-1.13244554526644,0.00425430970066056,4,2,6,1
23,0.913625957464835,0.793099476182909,2,2,6,1
23,0.513487726065811,-1.27949569956949,3,2,6,1
23,0.995709675485601,0.751139712991194,2,2,6,1
23,1.05116840371978,0.692017968332466,2,2,6,1
23,1.10273689118611,1.14129166610321,2,2,6,1
23,1.13772298926563,1.37209953909035,2,2,6,1
23,1.18867461778596,1.24134446037201,2,2,6,1
23,1.22954370652588,1.62334009274252,2,2,6,1
23,0.731616066004626,-0.853601273926151,3,2,6,1
23,-0.781296855560323,0.139049394596827,4,2,6,1
23,0.437154707552039,-1.29230194709727,3,2,6,1
23,-0.0532463020558338,0.754823749213525,5,2,6,1
23,1.46709075107383,1.31588556996059,2,2,6,1
23,1.51841958467298,1.20305869134825,2,2,6,1
23,1.56566486228488,1.35755833430539,2,2,6,1
23,-0.927100206989906,0.736580036127601,4,2,6,1
23,-0.897123888375436,0.528479477724194,4,2,6,1
23,1.70696723033807,1.10870201827802,2,2,6,1
23,1.74184817288686,1.13793229441474,2,2,6,1
23,0.154205564010558,0.818387608879181,1,3,6,1
23,-1.01443764410517,-1.62364126033154,2,3,6,1
23,-1.70288741802999,-1.62609726235201,2,3,6,1
23,1.10517897795424,1.10430997682954,3,3,6,1
23,-1.61598939729617,-1.90051405831436,2,3,6,1
23,-1.56543672959484,-1.50929602451765,2,3,6,1
23,0.694094935354108,0.9481132715652,1,3,6,1
23,-0.911105660197537,-0.477144650344256,4,3,6,1
23,-1.438571756839,-0.918468875917771,2,3,6,1
23,0.943979944298662,1.75388696407824,3,3,6,1
23,-1.33425003982168,-0.348359161255428,4,3,6,1
23,-1.6744963300478,-1.33973269167503,2,3,6,1
23,-1.25515972117353,-1.1063506878035,2,3,6,1
23,1.22336971893333,0.818470811098246,3,3,6,1
23,-1.16106547512331,-1.42040381087026,2,3,6,1
23,-0.635761002536083,-0.863447098506613,4,3,6,1
23,-1.06602902712914,-0.739555283637468,4,3,6,1
23,-0.909642028377752,-1.10946350673618,4,3,6,1
23,-0.963806605350964,-0.681287002772953,4,3,6,1
23,0.880185702488386,1.48072473532179,3,3,6,1
23,-0.883336953585138,-0.542267709942553,4,3,6,1
23,1.38322443611708,0.998450192628741,3,3,6,1
23,-0.782299692500929,-0.692443020763721,4,3,6,1
23,-1.44302843599818,-1.49868657608597,2,3,6,1
23,-0.682577116361035,-0.377499955399952,4,3,6,1
23,-0.771102698458323,-0.498389345398893,4,3,6,1
23,-0.56762553185203,-2.13412657472197,5,3,6,1
23,0.471910119435343,0.558909484633252,1,3,6,1
23,-0.500400289668774,-0.790527336211202,4,3,6,1
23,0.438005184609342,0.0326363436613985,1,3,6,1
23,0.5784721681936,0.616377908278464,1,3,6,1
23,-0.370472246791291,-1.2182478420241,5,3,6,1
23,-1.2975476153238,-1.30183228240913,2,3,6,1
23,-0.274550409645742,-0.648133618062346,4,3,6,1
23,-0.22214137110838,-0.381961775395891,4,3,6,1
23,-0.182254825119881,-0.0899781183119248,4,3,6,1
23,0.903410611959425,0.204303481449277,1,3,6,1
23,-0.0908756837784794,0.240428839760775,1,3,6,1
23,-0.0378333085616436,-0.109979634835803,4,3,6,1
23,-0.00241637875523177,0.730495857937079,1,3,6,1
23,0.0545517741426958,0.554952534713112,1,3,6,1
23,0.0938057910144902,0.306704848356496,1,3,6,1
23,0.145265785505119,-0.143009858779524,4,3,6,1
23,0.189617522519465,-0.184105975270288,4,3,6,1
23,-1.93141462174347,-0.332162201439868,2,3,6,1
23,0.795638248289061,0.612320533189772,1,3,6,1
23,-1.69655819926151,-0.261570097157863,2,3,6,1
23,1.19461266157162,1.11584646818051,3,3,6,1
23,0.429206377668128,0.268316587968823,1,3,6,1
23,-1.21431878043623,-0.372807291383498,4,3,6,1
23,0.520961651310526,0.488340807653496,1,3,6,1
23,0.572258401445945,0.979040411909906,1,3,6,1
23,0.606290924128627,0.480383259136763,1,3,6,1
23,0.654200348953071,0.0919944684517998,1,3,6,1
23,0.700851547701406,0.611350944977002,1,3,6,1
23,1.33180221390381,0.431198540704622,3,3,6,1
23,-0.385170878763786,-1.64645780250514,5,3,6,1
23,0.840000859047186,0.736940275962849,1,3,6,1
23,0.879094972277959,0.957803460476484,1,3,6,1
23,1.093705156283,0.586742159091924,3,3,6,1
23,0.974343097439726,1.90727431533832,3,3,6,1
23,0.165565637966545,0.684622809510784,1,3,6,1
23,0.106843708027135,-1.81977153731525,5,3,6,1
23,0.772126043455719,0.683778428558796,1,3,6,1
23,0.875937247044229,0.632453687533163,1,3,6,1
23,-1.13473469930844,0.0460413996825068,4,3,6,1
23,1.25840830483747,1.05191305527937,3,3,6,1
23,0.820570744019684,0.26276471534964,1,3,6,1
23,1.34445965732223,1.74515304777552,3,3,6,1
23,1.39246379662245,1.78330055349365,3,3,6,1
23,1.44930454203324,0.922887123987253,3,3,6,1
23,1.27533631547973,0.902528992583908,3,3,6,1
23,1.53887769022847,1.44985745689719,3,3,6,1
23,-0.759738329741412,-0.886140191235407,4,3,6,1
23,1.62689851879385,0.993853756800453,3,3,6,1
23,-1.58437480821063,-1.93100672071142,1,4,6,1
23,1.42553069282288,-0.372980101165062,2,4,6,1
23,0.0506266969523849,1.28263803657433,3,4,6,1
23,0.941526830038189,-0.575438768006353,2,4,6,1
23,-1.53038330266767,-1.75849368925913,1,4,6,1
23,-1.49932951230448,-1.98606184769909,1,4,6,1
23,-0.191402628368854,0.858704598185165,3,4,6,1
23,-1.40592049672084,-1.44847112284202,1,4,6,1
23,-1.34822342592963,-0.990648810902173,4,4,6,1
23,0.461224590715887,1.55958885225835,3,4,6,1
23,0.490383124849589,0.551156571547817,2,4,6,1
23,-1.21883251274262,-1.51945105855992,1,4,6,1
23,-0.0335081044883764,-0.837350941461794,4,4,6,1
23,-1.13322671490029,-1.2271997426066,1,4,6,1
23,-1.08381952297686,-0.628222692959581,4,4,6,1
23,-1.02547411693951,-1.11172039039644,4,4,6,1
23,-0.991637657280663,-0.752542717677467,4,4,6,1
23,1.38689342055097,0.0364666963874391,2,4,6,1
23,-0.887113582919342,-1.03641080240942,4,4,6,1
23,-0.794913419545797,-1.17594282592807,4,4,6,1
23,-0.809742677427108,-0.329233195639596,4,4,6,1
23,-1.59583310900005,-1.74314364976316,1,4,6,1
23,-0.719231387604737,-0.484878591279483,4,4,6,1
23,0.488904841903873,1.53543645686163,3,4,6,1
23,-0.62788237742469,-0.760339755864239,4,4,6,1
23,-0.565970434137766,-0.454500016863669,4,4,6,1
23,-0.520279505965197,-0.541251181584706,4,4,6,1
23,-0.477598036937437,-0.722006436761723,4,4,6,1
23,0.614141598385035,-0.461505473213367,2,4,6,1
23,1.40151760680503,-0.535334830226917,2,4,6,1
23,-1.00010835007139,0.500849521174001,4,4,6,1
23,-0.295446004906977,-0.163093957850853,2,4,6,1
23,-0.245042097584316,-0.189655712133877,2,4,6,1
23,-0.679176743580734,-1.27655290184322,4,4,6,1
23,1.33409857144972,0.00701730758009604,2,4,6,1
23,-0.239854170783552,-1.30681482507021,4,4,6,1
23,-0.0654008834224361,-0.285298346550193,2,4,6,1
23,-0.0127036785217479,0.238710273745292,2,4,6,1
23,0.0260032593476945,0.66219228322614,3,4,6,1
23,0.0619125331065478,0.227924035976552,2,4,6,1
23,0.123234518535394,1.24643297685696,3,4,6,1
23,0.156049015373275,0.688751816672053,3,4,6,1
23,0.214881866986874,0.104610952266675,2,4,6,1
23,0.250758922894388,0.177672593957565,2,4,6,1
23,-1.92454563773937,-1.51118249446228,1,4,6,1
23,0.350577812815944,0.0442285249145823,2,4,6,1
23,0.390460228913485,1.04604142656191,3,4,6,1
23,-0.988527020783427,-0.0867971314522999,4,4,6,1
23,0.485501603636911,0.464600246026673,2,4,6,1
23,0.188412412577885,0.998493106827436,3,4,6,1
23,0.576793134796246,0.0464764249123606,2,4,6,1
23,0.616127295418851,0.675189331395534,3,4,6,1
23,0.66088856560347,0.759326080619886,3,4,6,1
23,-0.385993271140444,-0.834086695047009,4,4,6,1
23,-1.09717585443651,0.296705509751427,4,4,6,1
23,0.81321447359962,1.12452347218303,3,4,6,1
23,0.857800214055241,1.21352547892902,3,4,6,1
23,-1.19993280956384,0.179434407562736,4,4,6,1
23,0.946500032300463,0.721303956842741,3,4,6,1
23,0.987597105245622,1.04851838094651,3,4,6,1
23,1.03555539394618,1.30946699291183,3,4,6,1
23,1.20740325251652,0.0172823915361216,2,4,6,1
23,1.27920871885826,-0.63440014186049,2,4,6,1
23,-1.57871349674931,-1.47300507914209,1,4,6,1
23,1.21259040741573,1.16639054166748,3,4,6,1
23,-1.174330645235,0.0829572334475919,4,4,6,1
23,1.31280127466017,0.85809620176417,5,4,6,1
23,0.145083138047335,1.21305658950189,3,4,6,1
23,-0.936778926169723,-0.13197852916788,4,4,6,1
23,1.44103146740384,0.903676150931639,5,4,6,1
23,1.49519627527762,1.78819546088841,5,4,6,1
23,1.53653129707304,1.54268173732112,5,4,6,1
23,1.58286611194312,0.86545481288958,5,4,6,1
23,1.63515652334828,1.34338225835099,5,4,6,1
23,1.68344209500976,1.8898414864071,5,4,6,1
23,-1.62359420000875,-1.38198756953164,1,5,6,1
23,0.91488025462766,1.31094497780581,2,5,6,1
23,0.0584774291187482,-1.38234437914183,3,5,6,1
23,-0.814571654381891,-0.606485222766102,4,5,6,1
23,1.16733793514704,1.21775592091571,2,5,6,1
23,-1.10392751938189,-0.918827314365776,1,5,6,1
23,-1.61052003570835,-0.96007439418089,1,5,6,1
23,-1.30059791523303,-1.66983003417279,1,5,6,1
23,-1.2498789516297,-0.500052840273875,4,5,6,1
23,-1.20624140919689,-0.940311449561827,1,5,6,1
23,-1.11313446198867,0.0158801604197052,4,5,6,1
23,1.4568553298284,1.26676592180362,2,5,6,1
23,-1.07739734755719,-0.942467533556846,1,5,6,1
23,-1.03810183292093,-1.17931805657609,1,5,6,1
23,-0.268753746896176,-1.86709849420206,3,5,6,1
23,-0.941501599027283,-1.63280998603044,1,5,6,1
23,-1.3359161134142,-1.02909243539864,1,5,6,1
23,-0.847910310956499,-1.13523206583806,1,5,6,1
23,-0.719407488303838,0.114874672998016,4,5,6,1
23,-0.43698535220207,-0.362528163122398,5,5,6,1
23,0.832693181026479,1.753018197378,2,5,6,1
23,-1.40711594457516,-0.407499159212174,4,5,6,1
23,0.448847831548331,1.30962417479118,2,5,6,1
23,1.22263354628592,1.25985073340799,2,5,6,1
23,1.17301416892613,1.42900503813151,2,5,6,1
23,-0.499227604006319,-0.984819454706918,3,5,6,1
23,-0.451750024920761,-0.408317334325739,5,5,6,1
23,1.17761255807163,0.922744247633245,2,5,6,1
23,-0.354854597233034,0.171136288221062,5,5,6,1
23,-0.301844920486915,-0.553742982871914,5,5,6,1
23,1.31300638063099,1.06054907438293,2,5,6,1
23,-0.228274469105539,-0.420590896191841,5,5,6,1
23,-0.268418589547189,-1.42862974289798,3,5,6,1
23,-0.124070171417595,-0.664584465779935,5,5,6,1
23,-0.0815271873573271,0.0760501019452357,5,5,6,1
23,0.513586465868404,0.781744434621518,5,5,6,1
23,-1.38733123784568,-0.359853833212794,4,5,6,1
23,-1.66569681106005,-0.967597918750755,1,5,6,1
23,0.0923203885481881,-0.318574168130886,5,5,6,1
23,0.134708803865078,-0.0285083090894211,5,5,6,1
23,0.244775013833476,-0.0228684546429595,5,5,6,1
23,0.226471998819216,0.787118995400444,5,5,6,1
23,0.268134637186708,-0.16120402742104,5,5,6,1
23,0.47043376440483,0.424801991268497,5,5,6,1
23,0.36021678326033,-0.167846328748158,5,5,6,1
23,1.55339402043314,1.08514462906837,2,5,6,1
23,0.45031650038703,0.276095386140284,5,5,6,1
23,0.498821909715664,0.327661472886934,5,5,6,1
23,-0.423509843539488,-1.61929985195935,3,5,6,1
23,-1.70780779834267,-0.626782480537686,1,5,6,1
23,-0.835150701385655,-0.532747633619765,4,5,6,1
23,-0.739054068478574,-0.188510035895115,4,5,6,1
23,-0.280316174010679,-1.47570506237569,3,5,6,1
23,0.445353802225565,0.305283673020423,5,5,6,1
23,0.887017544204275,0.648240276432699,2,5,6,1
23,1.1044557671546,0.842425212224731,2,5,6,1
23,0.91298161926969,0.797329463786672,2,5,6,1
23,0.952635612311721,0.911457349640581,2,5,6,1
23,-0.883838590199276,0.00286571234257529,4,5,6,1
23,0.91826064626085,1.09559992411184,2,5,6,1
23,1.09277054192545,1.57775498610523,2,5,6,1
23,1.05301522722778,1.2061505577436,2,5,6,1
23,-0.824241731214296,-0.159533212757773,4,5,6,1
23,-1.70156905421593,-0.87259885623866,1,5,6,1
23,1.26574558748705,1.11674884619226,2,5,6,1
23,-0.508273069193338,-1.27229326733265,3,5,6,1
23,-1.29122651820113,-0.395441292964302,4,5,6,1
23,0.867101792071188,1.0554598881803,2,5,6,1
23,1.44539371268584,0.791161772872499,2,5,6,1
23,0.963638601713926,0.776902060605949,2,5,6,1
23,0.95132301709233,1.3041711056513,2,5,6,1
23,1.58241571950499,1.74123872492576,2,5,6,1
23,1.63431571846488,0.994019883730899,2,5,6,1
23,1.67128321048326,1.38725138197205,2,5,6,1
23,0.327292023527187,-1.59881853037666,3,5,6,1
23,-1.693395052588,-1.77678783134202,1,6,6,1
23,-1.65424403425891,-1.88362030934554,1,6,6,1
23,-1.61327579731369,-1.20762551709055,1,6,6,1
23,-1.55851496490112,-1.61207584263684,1,6,6,1
23,-1.50818975761135,-1.47359738230013,1,6,6,1
23,-1.46598197682451,-1.2890266996254,1,6,6,1
23,-1.42026448370925,-1.37234313769588,1,6,6,1
23,-1.36931144872352,-1.63539038184313,1,6,6,1
23,-1.32825149573611,-0.968651020350163,1,6,6,1
23,-1.27871761136779,-1.71247515256279,1,6,6,1
23,-1.23463121769545,-1.47618129233608,1,6,6,1
23,-1.20207164146932,-1.16809595935,1,6,6,1
23,-1.15378242440608,-0.602778856636062,2,6,6,1
23,-1.09783851749415,-0.498540448847461,2,6,6,1
23,-1.05897631967679,-1.336280906964,1,6,6,1
23,-1.00305249845231,-0.585612376316334,2,6,6,1
23,-0.966712668657221,-0.701472605657096,2,6,6,1
23,-0.927773868862925,-0.464017185353965,2,6,6,1
23,-0.873681182520756,-1.46180869397088,1,6,6,1
23,-0.818568313295933,-1.02769025120469,1,6,6,1
23,-0.786848078930046,-0.901422286417303,1,6,6,1
23,-0.734403968105585,-0.932935014375777,1,6,6,1
23,-0.683177753212026,-0.380305147898406,2,6,6,1
23,-0.645489234127769,-0.171668766440275,2,6,6,1
23,-0.592986783243414,-0.54500390046934,2,6,6,1
23,-0.548702562017964,-0.574783106744029,2,6,6,1
23,-0.497885352305616,-0.48971054677545,2,6,6,1
23,-0.456538851105201,-0.824094342942356,2,6,6,1
23,-0.412448653422708,-0.509292133028904,2,6,6,1
23,-0.37126853352592,-0.0319990834593354,2,6,6,1
23,-0.324630917583942,-0.579185073622625,2,6,6,1
23,-0.272037424810925,-0.412550483126488,2,6,6,1
23,-0.226406426803185,-0.420611193642883,2,6,6,1
23,-0.17655270994601,0.396661344571031,3,6,6,1
23,-0.137151467107674,-0.046905842697889,3,6,6,1
23,-0.0903895530088276,-0.161656901781633,3,6,6,1
23,-0.0506046194744045,-0.0824105537668548,3,6,6,1
23,-0.00214284865216705,0.0877237931655098,3,6,6,1
23,0.0539363625712536,0.355547001892573,3,6,6,1
23,0.0913214393917457,0.333574016537778,3,6,6,1
23,0.131866172852734,0.450854007475014,3,6,6,1
23,0.180282333650172,-0.0470871738759277,3,6,6,1
23,0.228323536616003,0.537574614382549,3,6,6,1
23,0.268533026622163,1.09597319110053,4,6,6,1
23,0.312756064742391,0.087027505725173,3,6,6,1
23,0.366440001903664,1.29997632928261,4,6,6,1
23,0.403959684951264,0.616540304889118,4,6,6,1
23,0.461737455965421,0.114159074024169,3,6,6,1
23,0.498170998610295,0.694837157535055,4,6,6,1
23,0.550149921008913,-0.214208628903232,3,6,6,1
23,0.601251410007221,1.31379820579696,4,6,6,1
23,0.64104023332682,0.706941883166421,4,6,6,1
23,0.680852177817455,0.258866583214639,3,6,6,1
23,0.728343639012269,1.02528851831636,4,6,6,1
23,0.776980164809038,0.133063154022573,3,6,6,1
23,0.820668134870156,1.11431364658214,4,6,6,1
23,0.868980284824171,1.18516243360973,4,6,6,1
23,0.912635481221222,1.09352407422242,4,6,6,1
23,0.972940532475764,0.509247343144987,4,6,6,1
23,1.00956967300186,1.01949718884116,4,6,6,1
23,1.05303562109556,0.608595257481828,4,6,6,1
23,1.10367544997337,0.517682286248687,4,6,6,1
23,1.15162763591278,1.91473981483315,5,6,6,1
23,1.18856392933118,0.660129841715445,4,6,6,1
23,1.24729087232769,1.45998881037666,5,6,6,1
23,1.28647607304905,0.900376318698405,4,6,6,1
23,1.33220147219641,0.620781602024386,4,6,6,1
23,1.37690573372685,0.550160025070424,4,6,6,1
23,1.42182386953799,1.49335775255737,5,6,6,1
23,1.46651390455583,1.16445183242772,5,6,6,1
23,1.52448136851288,2.10130547441759,5,6,6,1
23,1.55749876905123,1.50448301407236,5,6,6,1
23,1.6049206559662,1.40821963384945,5,6,6,1
23,1.66134405887381,1.28090167299603,5,6,6,1
23,1.69980286858575,0.964577323129716,5,6,6,1
23,-1.60733982857287,-1.45726655523019,1,7,6,1
23,-1.56703384365965,-1.21387352466651,1,7,6,1
23,-1.51757555313109,-1.18487393700586,1,7,6,1
23,-1.04180851156238,0.629967174189956,2,7,6,1
23,-1.42761887557315,-1.17894139290117,1,7,6,1
23,-1.37981192109805,-1.28717837500551,1,7,6,1
23,-1.32844088054046,-0.692458905247104,1,7,6,1
23,-0.361379653794232,-1.38315445770091,3,7,6,1
23,-1.2500006179376,-1.41939618813803,1,7,6,1
23,-0.557143117730542,-0.211840434307449,1,7,6,1
23,-1.14945330686984,-1.58811750987533,1,7,6,1
23,-1.10360382465355,-0.619556341537269,1,7,6,1
23,-0.722216479705976,0.744057803681905,2,7,6,1
23,-0.256188981584214,-1.02166160995416,3,7,6,1
23,-0.974410567107839,-1.44123599699197,1,7,6,1
23,-0.609684137982224,0.331811839266878,2,7,6,1
23,-0.878556531481321,-0.344482452509571,1,7,6,1
23,-0.900989473334531,0.390916519674015,2,7,6,1
23,0.329868692309668,-0.768613465222549,3,7,6,1
23,-0.758719397000591,-1.10609930607253,1,7,6,1
23,-0.697641590636294,-0.552747933882582,1,7,6,1
23,1.03096769655154,1.38042624187465,4,7,6,1
23,0.586687673076961,-0.245162709571072,3,7,6,1
23,-1.68404059541363,-0.649438221566005,1,7,6,1
23,-0.532202114703404,-0.461713437733398,1,7,6,1
23,-0.385652401213281,0.4226061642008,2,7,6,1
23,0.0332794629047421,0.517477368140333,2,7,6,1
23,-1.54119460946024,-1.04488945410342,1,7,6,1
23,-0.340935286451213,0.370108711745729,2,7,6,1
23,0.663073208306718,0.0505292272794698,3,7,6,1
23,0.526058830989456,0.207841695486359,3,7,6,1
23,-0.192432050324031,-1.42397956370323,3,7,6,1
23,0.960898077713104,-0.479934342460502,3,7,6,1
23,-0.117158763057034,-0.74863796542137,3,7,6,1
23,-0.0706840843494423,-0.917536258074608,3,7,6,1
23,-0.241879025599312,-1.20016851022251,3,7,6,1
23,0.0201787203593451,-0.262772755286156,3,7,6,1
23,-0.643975672931234,0.58579950555848,2,7,6,1
23,0.10343417443729,0.153700747142063,2,7,6,1
23,0.159351845361602,-0.384751733195246,3,7,6,1
23,1.30304168826383,1.30265937779709,4,7,6,1
23,-1.18618978883817,1.05345272160195,2,7,6,1
23,0.282773913087781,0.496504115217191,2,7,6,1
23,0.335278507252103,-0.353198154165097,3,7,6,1
23,0.734597654791351,-0.21968691544985,3,7,6,1
23,1.05939680707971,0.918534301275251,4,7,6,1
23,0.47377332412904,0.213774639488013,3,7,6,1
23,1.33706799202372,1.49197706419874,4,7,6,1
23,1.26871283965306,1.13306730815372,4,7,6,1
23,0.59565180402042,0.44108668618822,4,7,6,1
23,0.65113786738854,0.966345040612518,4,7,6,1
23,0.686481782442401,0.365359026192521,4,7,6,1
23,0.743584243279249,0.685924728487915,4,7,6,1
23,0.785362577627761,0.386604606622671,4,7,6,1
23,0.82407300144824,0.191887540646232,3,7,6,1
23,-0.83845699091473,0.654479556088379,2,7,6,1
23,0.917077403294707,0.638724018634024,4,7,6,1
23,0.952799975169835,0.120552584901397,3,7,6,1
23,-1.0546656579067,-0.995860840678505,1,7,6,1
23,1.05857163829627,0.974409294763945,4,7,6,1
23,1.10348041992431,0.763567698958639,4,7,6,1
23,0.751815728600449,0.427464661094707,4,7,6,1
23,1.19314529965879,1.30590502593853,4,7,6,1
23,1.66134801235024,1.44743032200346,4,7,6,1
23,1.28071356453828,1.31670292289095,4,7,6,1
23,1.3292296523219,0.892211457694129,4,7,6,1
23,0.0121384847423328,-1.21056188860682,3,7,6,1
23,-1.43946583175933,-0.905507441679211,1,7,6,1
23,-1.58503324825361,-0.408267981493809,1,7,6,1
23,-0.479098313376099,-1.17319655971156,3,7,6,1
23,1.55411187697664,1.85492839994633,5,7,6,1
23,1.58622199946752,1.44104439830464,4,7,6,1
23,0.125494211824894,-1.42627352413017,3,7,6,1
23,1.67611978112795,2.13773526743674,5,7,6,1
23,1.72568109571612,2.57546088012268,5,7,6,1
23,-1.61528428614461,-1.64437729227372,1,8,6,1
23,-0.573462579373221,-0.620594539582501,2,8,6,1
23,0.959521470963561,0.522563015536292,3,8,6,1
23,-1.48131339625524,-0.94612565413884,1,8,6,1
23,-1.433072818106,-1.68169216513323,1,8,6,1
23,-1.42106986136025,-0.893781752421663,1,8,6,1
23,-1.34353513860103,-1.01042844821495,1,8,6,1
23,-1.30459780736162,-0.990565703038751,1,8,6,1
23,-1.25887451926049,-1.69493786952573,1,8,6,1
23,0.801493760833508,0.458905914444075,3,8,6,1
23,1.51415459830509,-0.183265990201174,4,8,6,1
23,-1.05469819816629,-1.11419132621362,1,8,6,1
23,-0.0829987718238463,-0.541737749877824,2,8,6,1
23,-0.178807121168751,1.04237037034677,5,8,6,1
23,1.65056580879764,0.0939836520174301,4,8,6,1
23,-0.160057369737105,1.47160359008243,5,8,6,1
23,-0.886758789091844,-1.43644895100911,1,8,6,1
23,-0.854575834438357,-1.41762759653903,1,8,6,1
23,1.12766894204124,0.396587509670916,3,8,6,1
23,1.70766541871671,0.297236087750554,4,8,6,1
23,-0.70647124613116,-0.438409711494648,2,8,6,1
23,-0.672993872483979,-1.0033141306889,1,8,6,1
23,-0.61200423149824,-1.27731925383584,1,8,6,1
23,0.279431809631772,0.998073367007184,3,8,6,1
23,0.186822396450914,0.618800942993419,3,8,6,1
23,-0.486421983564128,-0.253702223706303,2,8,6,1
23,2.00853871820696,0.328877387493131,4,8,6,1
23,-0.390774342869492,-0.130599817634244,2,8,6,1
23,-1.76357738848733,-1.27290627153422,1,8,6,1
23,-0.691280076090575,1.50057042524509,5,8,6,1
23,-0.259857958950369,-0.136156455770433,2,8,6,1
23,-0.20796198050456,-0.458233659417767,2,8,6,1
23,-1.13612375393594,-1.31631774130629,1,8,6,1
23,-0.122863695116863,-0.00684781585403818,2,8,6,1
23,-0.0756625392703792,-0.479988354310664,2,8,6,1
23,-1.32426708916366,-0.919766652171228,1,8,6,1
23,0.00842600385656575,0.102524719560472,2,8,6,1
23,-0.373034342296108,-0.827040907742845,2,8,6,1
23,0.112334502304429,0.748567157037615,3,8,6,1
23,0.140477786206924,-0.694475607849048,2,8,6,1
23,0.188114155846607,-0.0453684462406461,2,8,6,1
23,1.38460036876,0.429149675292545,4,8,6,1
23,-0.0552214504523112,-0.501106777486167,2,8,6,1
23,-0.510037834075173,-0.364228867084958,2,8,6,1
23,0.378599740244527,0.0704112324853184,2,8,6,1
23,0.42908563460187,0.664746315684536,3,8,6,1
23,-0.135532131144478,1.5911386890015,5,8,6,1
23,0.722030728680299,0.705465265337379,3,8,6,1
23,0.376708255409996,1.44483610589321,5,8,6,1
23,-0.486179137171912,-0.657147370711157,2,8,6,1
23,0.646479070550932,0.869003586762741,3,8,6,1
23,0.69347110811113,0.441871845335022,3,8,6,1
23,0.7340231512291,0.714923341234796,3,8,6,1
23,0.789170579318955,0.810432497584026,3,8,6,1
23,0.823720371156834,0.730386145134309,3,8,6,1
23,0.344934613780942,1.38089940337658,5,8,6,1
23,-1.12266976472525,-1.19524188304936,1,8,6,1
23,0.0129357790296601,1.68341608420805,5,8,6,1
23,1.00894915115712,1.39387813281201,3,8,6,1
23,1.18573123710349,0.0245867941185641,4,8,6,1
23,-1.39560224776026,-1.44400178448081,1,8,6,1
23,1.13631685851937,1.23312257484714,3,8,6,1
23,-1.03821349871652,-0.915138297230977,1,8,6,1
23,-0.49503648203536,1.08324381192798,5,8,6,1
23,-0.697756580667954,-0.668235319659107,2,8,6,1
23,1.31894360786232,0.997434390743157,3,8,6,1
23,1.36195628239806,1.27707671170816,3,8,6,1
23,-1.20456120504353,-1.48033836235733,1,8,6,1
23,-0.379147003200412,-0.643303646439608,2,8,6,1
23,0.738839986180145,0.592927038880574,3,8,6,1
23,1.54687126601321,1.83140911777667,3,8,6,1
23,1.60194352769944,1.53535337261809,3,8,6,1
23,-1.35296525681287,-1.14376896732572,1,8,6,1
23,1.69002577100358,1.33950520781788,3,8,6,1
23,1.73477112208456,1.02285188378682,3,8,6,1
23,-1.56962966567265,-1.17935869056511,1,9,6,1
23,-1.53800738549239,-1.93365570341921,1,9,6,1
23,-1.49137601976915,-1.12718443742961,1,9,6,1
23,-1.43418716765672,-1.01676130015391,1,9,6,1
23,-0.866861710466478,0.0499651216724338,2,9,6,1
23,-1.35278223107299,-1.52447557965919,1,9,6,1
23,0.527422690713261,0.889341274350362,3,9,6,1
23,-1.11038740795209,-1.57983257629885,1,9,6,1
23,-1.2111552436984,-1.15779362928755,1,9,6,1
23,-1.3770372525379,-1.39558993533835,1,9,6,1
23,-1.1275003866449,-0.669295233649437,1,9,6,1
23,-1.07297791195101,-1.70924625669351,1,9,6,1
23,-1.03894639098002,-1.05718233832117,1,9,6,1
23,-0.982949634473591,-1.1669063710833,1,9,6,1
23,0.661872323676104,1.01175655422237,3,9,6,1
23,0.396905385294417,1.5830500563812,3,9,6,1
23,-0.855295832661753,-0.106170043238032,2,9,6,1
23,-0.798384859285339,-1.50244959939683,1,9,6,1
23,-0.620983681257954,0.528630416718634,2,9,6,1
23,-0.717949292860771,-0.731765896385551,1,9,6,1
23,-1.45721860515838,-1.19499783766892,1,9,6,1
23,-1.35843783001415,-0.968500068251972,1,9,6,1
23,0.381388280132751,1.66810641681604,3,9,6,1
23,-0.528653111493677,-0.413147662094032,2,9,6,1
23,-0.137336518133497,0.392268436802434,2,9,6,1
23,-0.445832894088367,-1.32044169435935,1,9,6,1
23,-0.0704836040740238,1.76718869904781,4,9,6,1
23,-0.343458824536097,-1.05386421733296,1,9,6,1
23,-0.302176464860234,-0.634676189822179,2,9,6,1
23,-0.269650435853351,-0.479201753496864,2,9,6,1
23,-0.207473069360262,0.334097637008472,2,9,6,1
23,-1.20676300970383,-0.624807686687491,1,9,6,1
23,-0.132098651090302,0.133493015873944,2,9,6,1
23,-0.0841638335809261,-0.189989527616562,2,9,6,1
23,0.587763103816406,0.729361049979532,3,9,6,1
23,0.00868253458588399,-0.551981044104118,2,9,6,1
23,0.0594261641443022,-0.000996236213950963,2,9,6,1
23,1.67544380353689,-0.566993094752673,5,9,6,1
23,0.146286772729711,0.791349270427042,3,9,6,1
23,0.574921380402395,0.51726714966773,3,9,6,1
23,1.00453350740419,0.0927809367659173,3,9,6,1
23,0.28420413964845,-0.456345497966536,2,9,6,1
23,-0.433541038374658,0.271458835656212,2,9,6,1
23,0.875041433378069,0.51849623039298,3,9,6,1
23,1.43669271824158,-0.721931146072406,5,9,6,1
23,-1.26151628130794,-0.830937659552251,1,9,6,1
23,0.511416189846474,1.20956757250355,3,9,6,1
23,0.943892382912208,0.924426079816097,3,9,6,1
23,-0.66793640061439,0.235118724724648,2,9,6,1
23,0.649632711877228,1.30965527902133,3,9,6,1
23,1.62467575917943,-0.120078798536472,5,9,6,1
23,0.737929751823095,0.466458521329275,3,9,6,1
23,0.788670199539031,0.502221670439567,3,9,6,1
23,0.835284031730821,1.15885326803674,3,9,6,1
23,0.874176596130926,0.274493779664713,3,9,6,1
23,0.909589724472622,0.859033654461399,3,9,6,1
23,0.960220202381055,1.04918771063913,3,9,6,1
23,0.647374376151038,0.562552676833551,3,9,6,1
23,-1.07893826035689,0.31302364012417,2,9,6,1
23,-1.42766037520913,-1.1828860102381,1,9,6,1
23,1.1366581957652,1.24755263889226,3,9,6,1
23,-0.879715715787405,-1.16651570812769,1,9,6,1
23,-0.526058301678469,0.069880557186627,2,9,6,1
23,1.28042199526936,0.69456920419984,3,9,6,1
23,1.31883033941903,1.37962277980102,3,9,6,1
23,1.37423158589392,0.417819235113679,3,9,6,1
23,-0.542006759774783,-0.927511917028106,1,9,6,1
23,1.45588553815993,1.50112050134656,3,9,6,1
23,1.51397030569883,-0.163326007799517,5,9,6,1
23,0.638841126803412,0.754616379581973,3,9,6,1
23,0.0457797540173592,2.57675127982083,4,9,6,1
23,1.63955363400482,1.05382782062183,3,9,6,1
23,1.7260966679253,-0.381393159503191,5,9,6,1
23,0.519434636095743,0.796426782188256,3,9,6,1
23,1.77438211668362,1.17279965001479,3,9,6,1
23,-1.63324612133539,-1.88331454948836,1,10,6,1
23,-1.60155835605781,-1.33740949133454,1,10,6,1
23,0.947670890333579,1.84190539131928,2,10,6,1
23,-1.50264537258326,-1.19619059149541,1,10,6,1
23,-1.46867188175011,-1.40662622611381,1,10,6,1
23,-1.41917952257111,-1.10965398078634,1,10,6,1
23,-0.397568515040392,-1.32780125285095,3,10,6,1
23,-1.32058185696976,-0.843393873521055,1,10,6,1
23,-1.28053312824793,-0.582046363508995,1,10,6,1
23,-1.2451242246911,-1.18548791333394,1,10,6,1
23,-1.1962267893581,-1.26904006040282,1,10,6,1
23,-1.15826524908196,-0.807777874896233,1,10,6,1
23,-1.11093406396854,-1.07815337396523,1,10,6,1
23,-0.285342894517634,-1.58465268766007,3,10,6,1
23,-1.00986249051475,-1.15387387970827,1,10,6,1
23,-0.976985145282532,-1.76767463843865,1,10,6,1
23,-0.931336184550597,-0.916681890658823,3,10,6,1
23,-0.878890100485558,-0.474522284815745,3,10,6,1
23,-0.737708478190408,0.392496265172104,4,10,6,1
23,-0.803116641957606,-1.08802860374775,3,10,6,1
23,-0.756157142792489,-0.765965961005446,3,10,6,1
23,-0.029648661427028,-1.27203808409172,3,10,6,1
23,0.0864922052914788,-0.168530319366935,3,10,6,1
23,-1.78986952297479,-0.464133442982183,1,10,6,1
23,-0.575161830122814,-0.915449230132154,3,10,6,1
23,0.244459276772068,-0.232222631495693,3,10,6,1
23,-0.481695465057928,-0.137546134980813,4,10,6,1
23,1.66239890388732,1.3952416276338,2,10,6,1
23,0.529799175283168,-0.816515146246857,3,10,6,1
23,0.736354830632445,-0.40566298233785,3,10,6,1
23,1.03119525525663,1.4061447585057,2,10,6,1
23,-0.264335597166605,0.165838619674954,4,10,6,1
23,-0.216382457280772,-0.278622937807454,4,10,6,1
23,-0.178530370119722,-0.106035784547222,4,10,6,1
23,-1.82179555291179,-0.560509176874118,1,10,6,1
23,-0.08955087785803,0.0971735237331846,4,10,6,1
23,-0.0441067371342734,0.0253863842159899,4,10,6,1
23,0.0153861772315452,0.426729112024674,5,10,6,1
23,-1.56420908153778,-0.695046165117885,1,10,6,1
23,0.0982026520834804,-0.416347629958614,3,10,6,1
23,1.36439248447373,1.0957792770622,2,10,6,1
23,0.192920601422929,0.743518291206783,5,10,6,1
23,0.222650315326902,0.0616352715829614,3,10,6,1
23,0.279605765344628,-0.52771871185915,3,10,6,1
23,0.825229878159061,1.13454192652555,2,10,6,1
23,0.371352687946188,0.248315805787835,5,10,6,1
23,0.41582544857982,-0.0141547051759554,3,10,6,1
23,0.446630537801774,0.43897122317812,5,10,6,1
23,0.501201505717513,0.77571460074523,5,10,6,1
23,0.538273977410625,0.761554413663683,5,10,6,1
23,-0.264435408540319,-1.4374979196014,3,10,6,1
23,0.643426505772907,-0.122839958301246,3,10,6,1
23,0.961389721095473,1.43934332245701,2,10,6,1
23,0.713192759841834,0.39151396911687,5,10,6,1
23,0.789756251439295,1.37151294963375,2,10,6,1
23,0.800950871792619,-0.597465613873734,3,10,6,1
23,-1.41176827263911,-0.505060830118913,1,10,6,1
23,0.893034907205644,1.52943126142366,2,10,6,1
23,1.17498494825138,1.23356889932131,2,10,6,1
23,0.97891870360237,0.679717702747173,5,10,6,1
23,0.25021242538673,0.0421915557722254,3,10,6,1
23,0.771716355634071,1.10862454676189,2,10,6,1
23,1.11151017362578,1.2487527406053,2,10,6,1
23,-0.650560189937629,0.54498388305579,4,10,6,1
23,1.20712028602445,1.16284340122483,2,10,6,1
23,0.591892535709693,0.984644081287116,5,10,6,1
23,1.29237443130646,1.14968473209834,2,10,6,1
23,1.33589029231081,1.4330613261019,2,10,6,1
23,1.38849790644695,1.07248221249587,2,10,6,1
23,1.43543762458496,1.13230074353111,2,10,6,1
23,1.4845013907356,1.50582605841871,2,10,6,1
23,1.52982841430895,1.72597041073291,2,10,6,1
23,-1.06176089365857,0.479769374021407,4,10,6,1
23,0.632669293734631,-0.799593973460325,3,10,6,1
23,1.66039671054875,1.00411721322342,2,10,6,1
23,1.50553165510691,0.948449710693735,1,11,6,1
23,-0.849841828851513,-0.408748959361407,2,11,6,1
23,-1.73241940210694,-2.46261184664873,3,11,6,1
23,-1.67427081863582,-0.892055851143077,2,11,6,1
23,1.49948054272313,1.04854596590915,1,11,6,1
23,1.34778473058047,0.125341456769438,4,11,6,1
23,1.67831012567752,0.917706314273514,1,11,6,1
23,-1.47486555653828,-1.14141867563222,2,11,6,1
23,-1.42895596655142,-1.89516978713363,3,11,6,1
23,-0.430567319853461,-0.679281387618161,2,11,6,1
23,-1.05766479415237,-0.891566261082044,2,11,6,1
23,-1.28772075319819,-1.09395090043807,2,11,6,1
23,-1.22348810302826,-0.938568342432929,2,11,6,1
23,1.68114966659361,0.89611651349434,1,11,6,1
23,-0.742691652187662,-0.869769955354212,2,11,6,1
23,-1.08849471495387,-0.615935021146725,2,11,6,1
23,-0.790597448734527,-1.45342289271195,2,11,6,1
23,-0.993287111313417,-0.926906875211788,2,11,6,1
23,-0.236023346284486,-0.604927060088103,4,11,6,1
23,-0.894220924308574,-0.978656771908807,2,11,6,1
23,0.756790180616736,-0.055349557706867,4,11,6,1
23,-0.786817249617197,-1.02379540703289,2,11,6,1
23,-0.729822033404521,-0.140637086253618,4,11,6,1
23,0.960262794927322,0.167283418529438,4,11,6,1
23,-0.641122812499164,-0.831857663986669,2,11,6,1
23,-0.591026824287413,-0.963131193404019,2,11,6,1
23,-0.545082317127718,-0.726546167289063,2,11,6,1
23,-1.51230884922445,-1.2733588777239,2,11,6,1
23,-0.451545814000048,-0.0133570672717603,4,11,6,1
23,-0.386616818238323,-0.488015047610001,4,11,6,1
23,-0.343919320759511,-0.396322028097581,4,11,6,1
23,-0.498408815134038,1.49371792511255,5,11,6,1
23,1.25534716653707,0.231741864649077,4,11,6,1
23,-0.188384145619499,-0.169954147286041,4,11,6,1
23,-0.141895939663047,0.146895907111893,4,11,6,1
23,-0.101883897456787,0.326396170442411,4,11,6,1
23,-1.05845220837224,-1.61339612157763,2,11,6,1
23,0.508092186284835,0.0284586573022561,4,11,6,1
23,0.0455525707422528,-0.0472238924666,4,11,6,1
23,0.164743017711727,0.320272856059825,4,11,6,1
23,0.15421353622879,-0.288201849603999,4,11,6,1
23,0.194193741388511,-0.113901276252303,4,11,6,1
23,0.254501991280577,1.178748862146,5,11,6,1
23,-0.847145351995249,-0.59979962784767,2,11,6,1
23,0.338293206204783,0.868356082843107,5,11,6,1
23,0.358653912458613,0.420857344727315,4,11,6,1
23,0.447112892467698,0.337601930125797,4,11,6,1
23,0.494871348289927,0.567801439270124,4,11,6,1
23,0.549661906778003,0.124280146293529,4,11,6,1
23,0.592800181529655,0.324042719204582,4,11,6,1
23,-0.236872808433251,1.2926373647648,5,11,6,1
23,-0.168095158150671,1.59848970542692,5,11,6,1
23,0.7496291279489,0.411638858773659,4,11,6,1
23,0.800605860728527,0.355961345616537,4,11,6,1
23,0.848117739389245,0.335896764506613,4,11,6,1
23,0.88750394470687,1.33011686440331,1,11,6,1
23,0.948527154207542,1.52558926305827,1,11,6,1
23,-0.970822656885591,-1.70853056469682,2,11,6,1
23,1.03203542545942,0.52944008140356,4,11,6,1
23,-1.28981940274521,-0.766833169552181,2,11,6,1
23,1.37499416739907,0.769945288047914,1,11,6,1
23,0.0443445940918094,1.57257347546757,5,11,6,1
23,1.24408627272653,1.02054622015414,1,11,6,1
23,1.2910552869534,1.23602457044758,1,11,6,1
23,-0.143671665187313,1.43882593656963,5,11,6,1
23,1.38852333583776,1.0058631252492,1,11,6,1
23,-1.4572946232441,-1.13518857765425,2,11,6,1
23,-1.20063528056224,-1.64699915662843,2,11,6,1
23,-0.640411476470401,-0.996984607326641,2,11,6,1
23,-0.222181446968667,1.76200317994845,5,11,6,1
23,1.63382856331246,1.40547414605485,1,11,6,1
23,1.68327658327875,1.01191569464207,1,11,6,1
23,-1.02082398115831,-0.543392263003929,2,11,6,1
23,1.77349871447267,1.70033395171572,1,11,6,1
23,1.59279651326263,0.619874816975836,1,11,6,1
23,0.823747859103947,0.803641533260845,1,12,6,1
23,-1.64398133362075,-1.54588595365672,2,12,6,1
23,0.602488352792854,0.473192332908632,1,12,6,1
23,-1.5661366981883,-1.33260890649946,2,12,6,1
23,-1.10975340621596,-1.21819379136265,2,12,6,1
23,1.12597798285089,-0.159235132259385,1,12,6,1
23,-1.64536893460273,-0.824802030793039,2,12,6,1
23,0.882429304016613,0.497371147421586,1,12,6,1
23,-1.33500034918144,-1.02057333292611,2,12,6,1
23,-1.28805999875587,-1.40899305171512,2,12,6,1
23,1.04722955036516,0.281146607499687,1,12,6,1
23,-1.01581213222427,-1.36103129492527,2,12,6,1
23,-0.723847543098447,1.62637249012205,3,12,6,1
23,-1.1021632240052,-0.572800242315475,2,12,6,1
23,-1.06512555943295,-1.28375180509084,2,12,6,1
23,-2.18741886238499,-1.12878763110417,2,12,6,1
23,-0.967126921427148,-0.88711202810059,2,12,6,1
23,-0.926234800916861,-1.46288837899017,2,12,6,1
23,0.570733007092777,0.896247674674417,1,12,6,1
23,-0.892214123205961,1.72118369823785,3,12,6,1
23,-0.789518943991421,-1.77608816209609,2,12,6,1
23,0.702148179615098,-0.67927374756253,4,12,6,1
23,-0.323234756079135,-0.760172109465602,4,12,6,1
23,0.852242401755877,0.870272343665147,1,12,6,1
23,0.551845486598162,0.833552029408595,1,12,6,1
23,-0.549765603509842,-0.290395866699299,4,12,6,1
23,-0.512227477804282,-0.208181241456728,4,12,6,1
23,0.861165320853042,0.205887737915589,1,12,6,1
23,1.09708627396843,0.500317192929397,1,12,6,1
23,-0.929096973953203,-1.25127391416551,2,12,6,1
23,-1.18814636633061,-1.14846527921393,2,12,6,1
23,-1.16431029435632,-1.40413034928814,2,12,6,1
23,-0.232595584622827,0.25834833232532,4,12,6,1
23,-0.184308158572235,-0.295066152731364,4,12,6,1
23,-0.140109089670485,-0.573523121780501,4,12,6,1
23,-0.0953767218345065,-0.477296030540242,4,12,6,1
23,-0.055080697430093,-0.279883778916565,4,12,6,1
23,0.00106755917949154,-0.759938883874957,4,12,6,1
23,0.0472435848799878,-0.213509413287822,4,12,6,1
23,0.24709068333706,-0.640855428615297,4,12,6,1
23,0.465215254556987,0.945464228041341,1,12,6,1
23,0.178411541791306,0.357563899055937,1,12,6,1
23,-1.42416014332972,-1.26624073713374,2,12,6,1
23,0.275225468529365,0.443598168731772,1,12,6,1
23,0.277102269397285,1.15975293642451,3,12,6,1
23,-0.720371612554522,1.87388465777727,3,12,6,1
23,0.411144197752902,-0.000412285231606907,1,12,6,1
23,-0.641874068751889,1.36622105397225,3,12,6,1
23,0.492848379949256,0.398925664394004,1,12,6,1
23,0.550590029782448,-0.617801567502367,4,12,6,1
23,-1.31065084345539,-0.853453869640362,2,12,6,1
23,0.057297885282711,-1.04165588175814,4,12,6,1
23,0.691647294552289,0.762135853352525,1,12,6,1
23,-1.22267570840523,-1.00574964562832,2,12,6,1
23,0.783195780420369,0.166752290678215,1,12,6,1
23,-0.111691678349886,1.4622706405288,3,12,6,1
23,0.864885798646807,1.24116735838024,1,12,6,1
23,1.82544688016809,-0.376345211710084,1,12,6,1
23,0.95057677143409,0.629626458065556,1,12,6,1
23,0.990738531722709,0.18524415093797,1,12,6,1
23,0.930517891196818,1.04238331195276,1,12,6,1
23,1.09156800833348,1.01668542724246,1,12,6,1
23,1.14545976288883,0.804771818892064,1,12,6,1
23,1.19119849040611,1.56630746421348,5,12,6,1
23,-1.08547459711014,-0.787286428782218,2,12,6,1
23,1.28533113712808,1.3329757925932,5,12,6,1
23,1.31976839011831,0.322303645123922,1,12,6,1
23,1.33252386505833,-0.0067053903974727,1,12,6,1
23,1.10434647235027,1.03934908500084,1,12,6,1
23,-1.95169356667549,-1.37966105732236,2,12,6,1
23,0.371465506433004,0.521789164263429,1,12,6,1
23,1.54550539440684,1.53919444018807,5,12,6,1
23,1.06889353733387,-0.0406319587593744,1,12,6,1
23,-0.204815699468916,1.51446780347435,3,12,6,1
23,1.69202238746707,1.68029265964554,5,12,6,1
23,-1.74157899591683,-1.692659787751,1,13,6,1
23,2.08983642586438,1.5281826354766,2,13,6,1
23,-1.2831089779123,-1.60789272066763,1,13,6,1
23,-0.0278312886237656,0.775633141250064,3,13,6,1
23,-1.47624365532007,-1.49211993978403,1,13,6,1
23,-0.440672191193696,0.156173195616304,4,13,6,1
23,0.261890469015728,0.634678674824382,3,13,6,1
23,0.977320006275108,-0.805561784822285,5,13,6,1
23,-0.35625971485558,0.558179906995283,3,13,6,1
23,-0.242945361025733,1.14318968175982,3,13,6,1
23,0.0239410907784271,0.696392243172403,3,13,6,1
23,-1.21952486142059,-1.35556232564004,1,13,6,1
23,-1.18633358270975,-0.955586745593353,1,13,6,1
23,-1.49560803615838,-1.31328935718012,1,13,6,1
23,0.501515507471341,0.42754658186997,3,13,6,1
23,-1.03572032397376,-1.0940739293258,1,13,6,1
23,-0.521941570225193,0.0822505683617792,4,13,6,1
23,0.595121821018883,0.109239917937633,3,13,6,1
23,-0.0787439508889581,-0.784116355991212,5,13,6,1
23,0.265441677347819,0.68680067829752,3,13,6,1
23,-0.564302272053915,-0.166494263771561,4,13,6,1
23,-0.765519853913303,-0.476316030059893,4,13,6,1
23,-0.711700784611885,-1.34785152579607,1,13,6,1
23,0.456143644975843,0.472964041617903,3,13,6,1
23,0.486112885040638,0.827179183594692,3,13,6,1
23,1.58624443769213,1.5031221001365,2,13,6,1
23,-1.54551030505375,-1.73397983184919,1,13,6,1
23,-0.149699600531721,0.347869893910608,3,13,6,1
23,-0.43795343274437,-0.389175626658708,4,13,6,1
23,-0.396267451188096,-0.0311354179307289,4,13,6,1
23,-1.65822780294637,-2.367503659058,1,13,6,1
23,-0.414321509543332,0.235764400202204,4,13,6,1
23,0.312600570407517,0.754517029908407,3,13,6,1
23,1.58775059126123,1.01917071502402,2,13,6,1
23,-0.161778492358247,-0.0676790102575442,4,13,6,1
23,-0.988092225442483,-1.65425404769642,1,13,6,1
23,-1.36541629040189,-0.905947088772435,1,13,6,1
23,-1.32226407789828,-1.74191347747021,1,13,6,1
23,-1.22414198151093,0.0317242352657636,4,13,6,1
23,-0.135054909412431,0.334717467866842,3,13,6,1
23,-0.887194748584233,0.247598614122702,4,13,6,1
23,0.173930377400471,0.200812316132048,3,13,6,1
23,-1.00111763514406,-0.00149697435355536,4,13,6,1
23,0.962594587074242,0.352825518093576,3,13,6,1
23,-1.13299790550757,0.197893971220081,4,13,6,1
23,1.59179001708205,1.06512849065224,2,13,6,1
23,-1.23148172737537,-1.90888590611038,1,13,6,1
23,0.455799838185908,-0.511700252234319,5,13,6,1
23,0.118447662459358,0.555923442058592,3,13,6,1
23,0.532308094197407,0.57375561107688,3,13,6,1
23,0.589794937176335,-0.00504093691825941,3,13,6,1
23,1.57947745412078,1.33290155277411,2,13,6,1
23,-0.723541106472936,-0.485288067280298,4,13,6,1
23,0.725802539869056,0.294161664538048,3,13,6,1
23,-0.890464029820816,-1.11560326917575,1,13,6,1
23,0.823845448549018,0.557063578035832,3,13,6,1
23,0.87350162536645,1.54116770707739,2,13,6,1
23,0.919702733199335,0.55435297690425,3,13,6,1
23,0.465055142947065,-1.10733270557419,5,13,6,1
23,0.358614477065281,0.716747710686386,3,13,6,1
23,0.300144900549753,0.0485444237984667,3,13,6,1
23,0.446038402603113,-0.556942569113896,5,13,6,1
23,0.305974224631862,0.389135698848132,3,13,6,1
23,1.18479254247914,1.50147266210742,2,13,6,1
23,0.0890617180853584,-0.649865393407905,5,13,6,1
23,-1.1472442317721,-0.072991922030127,4,13,6,1
23,0.221120982658525,-0.634185217314252,5,13,6,1
23,1.37563475346584,1.3504037281238,2,13,6,1
23,0.0261621249847701,0.731158929036055,3,13,6,1
23,1.46303969791163,0.919947680154675,2,13,6,1
23,-1.28905944241378,-1.65856531308721,1,13,6,1
23,1.56357988501748,1.27760022175466,2,13,6,1
23,1.61446670023809,1.28584312162164,2,13,6,1
23,1.64726846227091,1.76742063513982,2,13,6,1
23,1.69799587018822,0.903854905630878,2,13,6,1
23,-0.697496123193352,-1.04668976281984,1,14,6,1
23,-1.60248891044062,-1.63653483515415,1,14,6,1
23,-1.42572455650273,-0.359051568811983,2,14,6,1
23,-1.50017685371104,-1.81594083132075,1,14,6,1
23,-1.4679837442521,-1.33434678689888,1,14,6,1
23,-1.42380610928992,-1.44149089480432,1,14,6,1
23,1.67373901145361,0.448725365972294,3,14,6,1
23,-1.3200526018049,-0.574941164270604,2,14,6,1
23,-1.27624712114599,-1.58081704510787,1,14,6,1
23,0.492459618493932,1.19472604814662,3,14,6,1
23,-1.19395656730639,-0.863629075298949,2,14,6,1
23,-1.13508837678319,-1.5600960729777,1,14,6,1
23,1.80109933156401,1.07142694156186,4,14,6,1
23,-1.05085123422765,-0.0814288258437796,2,14,6,1
23,-1.00292672985413,-1.20255805374216,1,14,6,1
23,0.430098245095149,0.806374540494531,3,14,6,1
23,-0.91843972477172,-0.55113292713997,2,14,6,1
23,-0.864060973322743,-0.99660646044347,1,14,6,1
23,-0.822899242221739,-1.34301978875452,1,14,6,1
23,0.952980119118375,-0.290035725113116,3,14,6,1
23,-1.06220249602703,0.045930809761875,2,14,6,1
23,-0.672557540864362,-0.61495311132818,2,14,6,1
23,-0.840224525756138,-0.846820836585695,1,14,6,1
23,-0.596822280388808,-0.185216758145781,2,14,6,1
23,-0.534211798554076,0.588850755851533,5,14,6,1
23,-0.499413632049309,-0.483450168249128,2,14,6,1
23,-0.456693871265069,0.0698727363588239,2,14,6,1
23,1.73622791360314,0.374627893903303,3,14,6,1
23,-0.398014339697086,-1.41220583258189,1,14,6,1
23,-1.31681986986236,-1.47191832068922,1,14,6,1
23,-0.361830234301108,-1.37170199906561,1,14,6,1
23,-0.216937449531467,-0.363000807837551,2,14,6,1
23,-0.166980586690759,-0.35927496836303,2,14,6,1
23,-0.598350062432445,-0.925272885902137,1,14,6,1
23,-0.686807559648857,-1.3540140543407,1,14,6,1
23,0.888978031269201,0.209977329135534,3,14,6,1
23,0.0147405010047082,0.0700252359009381,2,14,6,1
23,0.0633711484825866,-0.222083769808083,2,14,6,1
23,1.48842623692187,0.164887055521523,3,14,6,1
23,1.31546944754315,1.10927474363122,4,14,6,1
23,0.202923162926035,0.624028239402012,5,14,6,1
23,0.234165762017982,0.562642342206849,5,14,6,1
23,0.249105419110813,0.743451593245133,5,14,6,1
23,-0.00081833149653734,1.05092454916798,5,14,6,1
23,1.19475258957529,0.548662745025367,3,14,6,1
23,0.432332243156889,1.03373987449402,3,14,6,1
23,0.466864654604788,0.97763300518127,3,14,6,1
23,0.522959615739914,-0.0731194446630115,3,14,6,1
23,-0.0456691189032692,1.16640844831449,5,14,6,1
23,0.625816731830854,1.59811648298801,4,14,6,1
23,0.650781296310186,0.790385727661062,3,14,6,1
23,0.702398563718877,0.118602161406962,3,14,6,1
23,0.744602755031954,0.573666138643334,3,14,6,1
23,-0.876505833978056,-0.910396807746725,1,14,6,1
23,-0.713942241953942,-1.130027176984,1,14,6,1
23,0.890574209329515,0.552403543940493,3,14,6,1
23,0.810796058773009,0.581114802298558,3,14,6,1
23,0.980726123410883,0.921658272478638,3,14,6,1
23,-1.22189974350243,-0.366413579171759,2,14,6,1
23,1.07048756972697,1.93027830334081,4,14,6,1
23,1.11368820935485,1.01333773283796,3,14,6,1
23,-1.2279778456008,-0.203627726414139,2,14,6,1
23,-0.0110108107925048,0.962763434754873,5,14,6,1
23,1.26308109192085,0.1073931081736,3,14,6,1
23,-1.24727197700911,-0.572791178053606,2,14,6,1
23,-0.101711950141399,1.06897518469541,5,14,6,1
23,1.09943833181377,0.467830065782013,3,14,6,1
23,0.0254883726163871,0.48796352296268,5,14,6,1
23,0.65572505584416,1.82396185130993,4,14,6,1
23,1.52847818451846,1.09354311976589,4,14,6,1
23,1.5849849627899,1.30967488868409,4,14,6,1
23,-0.854838747467754,-2.04752691615953,1,14,6,1
23,1.67038278220271,1.82495080476532,4,14,6,1
23,1.71345260383489,1.38470748292323,4,14,6,1
23,1.1201157620332,0.118619277901807,3,14,6,1
23,-0.414070404216503,-1.89625415008638,1,15,6,1
23,0.460843742475459,0.134611053812403,2,15,6,1
23,-0.449751132773112,-1.77097765465391,1,15,6,1
23,-1.73107933157281,-1.80253119384182,3,15,6,1
23,-1.69678744861996,-1.2965477987798,3,15,6,1
23,0.821421418622776,0.842989866530362,4,15,6,1
23,-1.5889904450632,-1.12740293659525,3,15,6,1
23,-1.54027919653667,-1.2446019360637,3,15,6,1
23,0.65513074915193,0.497486838203377,2,15,6,1
23,-0.453630488142124,-2.10598223865465,1,15,6,1
23,-1.4085048838102,-1.77495606922257,3,15,6,1
23,-0.674278186868917,-1.0662990202412,5,15,6,1
23,0.824144023215673,0.73508138829964,4,15,6,1
23,-1.26229076460649,-0.933805614846357,5,15,6,1
23,0.566091244083566,0.570587856557646,2,15,6,1
23,-0.0556555389772664,-1.46067668308772,1,15,6,1
23,0.0966705652101461,0.496249188685306,2,15,6,1
23,-1.04781979918879,-0.928323755150767,5,15,6,1
23,-1.03045079224554,-0.870416006163563,5,15,6,1
23,-0.983810372850983,-1.28196037177057,5,15,6,1
23,-0.940058630369423,0.022446736223703,5,15,6,1
23,1.25061271648365,1.06658719981091,4,15,6,1
23,-0.675844940619453,-0.231446359982836,5,15,6,1
23,0.0795834687908009,0.856721404965953,2,15,6,1
23,-0.764133230164713,0.0734287589911265,5,15,6,1
23,-0.988486637872224,-0.726882116138699,5,15,6,1
23,-0.666756792646879,-0.387304038102776,5,15,6,1
23,-0.625072716545753,-0.543783686323323,5,15,6,1
23,-1.32473616785436,-0.366017639396311,3,15,6,1
23,1.24737326959025,1.78656021153733,4,15,6,1
23,-1.42333879748398,-0.0537323416473419,3,15,6,1
23,-0.428237334218365,-0.658591509307314,5,15,6,1
23,-0.395493958559487,-0.734859406710507,5,15,6,1
23,0.646183545959896,0.0197220831500851,2,15,6,1
23,-0.188699437368363,-1.55913733027995,1,15,6,1
23,-0.244527385609467,-0.288491249201078,5,15,6,1
23,-0.20307233979229,0.324493203126442,2,15,6,1
23,0.55331184493161,0.174104623402208,2,15,6,1
23,0.537848446471379,0.726345367342201,2,15,6,1
23,-0.065059700236806,-0.459067757007606,5,15,6,1
23,-0.0205520315729373,0.565880735821457,2,15,6,1
23,0.0252153515249516,0.27212324408244,2,15,6,1
23,0.581156469213899,0.410911679414398,2,15,6,1
23,1.31736682795423,1.37707751192038,4,15,6,1
23,1.08901649320559,0.82856907383233,4,15,6,1
23,-1.57663621970152,-0.483646171596834,3,15,6,1
23,0.805186866636089,0.0605649281358768,2,15,6,1
23,1.37631929623065,0.843916811154083,4,15,6,1
23,0.346963478511525,-0.0610233568151562,2,15,6,1
23,0.406898307793509,0.808054529436765,2,15,6,1
23,0.446806977360178,0.512146367829681,2,15,6,1
23,0.569405123234008,0.673359996777448,2,15,6,1
23,0.309511251811156,0.665734598611977,2,15,6,1
23,-1.55115996156203,-0.5533473548997,3,15,6,1
23,-0.394621616754449,-1.60126692309928,1,15,6,1
23,0.352216154407249,0.735583306656872,2,15,6,1
23,0.719162537529589,0.153170588739822,2,15,6,1
23,0.169966457991915,-1.09731882110152,1,15,6,1
23,1.64745416417277,1.38668489949495,4,15,6,1
23,1.09665865527895,1.25849587207692,4,15,6,1
23,0.902168537863075,1.06151104189383,4,15,6,1
23,0.954626409997859,0.714869320130068,4,15,6,1
23,0.953939509279274,0.802722729732784,4,15,6,1
23,1.04278871076097,1.79873160557142,4,15,6,1
23,-0.34531457247049,-1.17554393034656,5,15,6,1
23,1.13190926966399,1.29425446386289,4,15,6,1
23,1.1815638570893,1.31725567763596,4,15,6,1
23,-1.81562139929905,-0.279119201129232,3,15,6,1
23,1.28439665548391,0.680797301306152,4,15,6,1
23,1.31701258094657,1.17206987387001,4,15,6,1
23,1.36812681996185,1.17601256502763,4,15,6,1
23,1.42423718742976,1.39968942290359,4,15,6,1
23,-1.0633277628702,-0.625684459192554,5,15,6,1
23,1.51600578234311,1.3382851663005,4,15,6,1
23,-2.03714434961825,-0.188890011422063,3,15,6,1
23,-0.0898039345332438,0.823358578960834,1,16,6,1
23,-1.79932413591226,-1.04002225674063,2,16,6,1
23,-0.0851680612425978,1.11375666347249,1,16,6,1
23,-1.70359799024646,-2.35683653019642,2,16,6,1
23,-0.960095145247265,0.576380912411975,1,16,6,1
23,-1.60689218271064,-1.99832631130362,2,16,6,1
23,-1.55390982378542,-1.4742046074149,2,16,6,1
23,-1.50495621748086,-1.41896053670737,2,16,6,1
23,-1.45084127504994,0.284817485166901,1,16,6,1
23,1.68211497969217,0.548628126151242,3,16,6,1
23,-1.35180268350207,-1.01449108647991,2,16,6,1
23,0.276534235266267,-0.626737873088631,4,16,6,1
23,-1.01585015153217,0.174075175676173,1,16,6,1
23,-1.20729285670672,-1.20668108301074,2,16,6,1
23,-0.85258608867677,0.228109655696475,1,16,6,1
23,-0.303312484009641,1.05856010779946,1,16,6,1
23,0.719696626757361,-0.779539145622556,4,16,6,1
23,0.420133645275464,-0.413819898451831,4,16,6,1
23,0.615212508811712,-0.499087732988279,4,16,6,1
23,0.635313779569718,-0.78097845147476,4,16,6,1
23,0.331668636340144,1.68285546808291,1,16,6,1
23,-1.65047189329128,-1.45149487117097,2,16,6,1
23,-0.76826774759252,-0.160164939465336,1,16,6,1
23,-0.725006400626978,-0.905207103225117,2,16,6,1
23,-0.624573081672727,0.455054190091849,1,16,6,1
23,0.0888786630532669,-1.49226922212933,2,16,6,1
23,-0.583030953999708,-0.866624807031648,2,16,6,1
23,-0.528498292160608,-0.838956563125721,2,16,6,1
23,-0.475971331770058,-1.38666434369093,2,16,6,1
23,1.54544113224173,0.114362751598908,3,16,6,1
23,-0.910273312287861,0.843623090235949,1,16,6,1
23,-0.332729484726721,0.0714720220553499,1,16,6,1
23,-0.270116135269748,0.0543319319295359,1,16,6,1
23,-0.225936159035167,-0.987305024113729,2,16,6,1
23,-0.180210182894019,-0.554191344513587,2,16,6,1
23,-0.124197797220247,-0.105310119660418,1,16,6,1
23,-0.0824335297680822,-0.325303023370602,1,16,6,1
23,-0.0272777855363651,-0.103779749998641,1,16,6,1
23,0.00923089552677372,0.559207286911533,1,16,6,1
23,0.0549405993036447,0.486737268928796,1,16,6,1
23,0.121568116695782,0.59109965607365,1,16,6,1
23,0.155403531939912,0.0698148292229416,1,16,6,1
23,0.21174961213028,0.810120118510695,1,16,6,1
23,0.266551035013003,0.186274257674278,1,16,6,1
23,0.314807436812728,0.42704044022711,1,16,6,1
23,-0.308062430287647,1.48269445177935,1,16,6,1
23,0.405281110396589,-0.0083004785019232,1,16,6,1
23,0.449827861128885,0.0284441448495377,1,16,6,1
23,2.21827390518514,-0.0290157072945852,3,16,6,1
23,0.558317115267073,1.119362205696,1,16,6,1
23,0.59977453658516,0.970206795967592,1,16,6,1
23,0.660150456543807,0.257510195171031,4,16,6,1
23,-1.83692157651886,-1.79917509908335,2,16,6,1
23,-0.12824627759469,0.650451370419802,1,16,6,1
23,-1.07116530778563,-1.53866489283991,2,16,6,1
23,1.5517192652049,-0.590373765161877,4,16,6,1
23,0.898739689837278,0.55584853766551,4,16,6,1
23,1.58955867303466,-0.150125654196159,3,16,6,1
23,-1.42198571871565,-1.44602177704377,2,16,6,1
23,-0.203362204968931,-0.0198505156037125,1,16,6,1
23,1.08679741540772,0.307402504313378,4,16,6,1
23,1.14937150843295,1.22503527432356,3,16,6,1
23,0.927745053041385,-0.32538153932518,4,16,6,1
23,1.23378800966742,0.806346458013172,3,16,6,1
23,1.29602292607434,1.43117250377029,3,16,6,1
23,1.3440465935345,0.561044889317587,3,16,6,1
23,1.39622432474025,1.53817525334869,3,16,6,1
23,-0.307772704729156,0.365803405305365,1,16,6,1
23,-1.35391176160785,-1.6359202858755,2,16,6,1
23,1.53233803743324,1.55680935456336,3,16,6,1
23,-0.0625635626318188,1.32751013332438,1,16,6,1
23,1.64049014313475,0.940309336449991,3,16,6,1
23,1.68110637933098,2.37235107110027,5,16,6,1
23,-0.244188881835855,0.652330716152043,1,16,6,1
23,0.263789106753272,1.02129772149168,1,16,6,1
23,0.476507846686816,0.841661544998383,1,17,6,1
23,-1.6363118655793,-2.19802062412446,2,17,6,1
23,-1.59681277479094,-1.76696420826981,2,17,6,1
23,-1.55512089343779,-0.349390895671002,3,17,6,1
23,1.35058413216723,-0.0744597494779226,4,17,6,1
23,-1.45028151048214,-1.31342246490554,2,17,6,1
23,-1.41076078625995,-1.59076652845339,2,17,6,1
23,-1.3724074212988,-1.66763330148414,2,17,6,1
23,1.40617478447512,0.00197144098841467,4,17,6,1
23,-0.0387052409406214,0.668102747903228,1,17,6,1
23,-1.22755375800463,-1.00086876391043,3,17,6,1
23,-1.62783462635549,-0.407931389431926,3,17,6,1
23,-1.22137940508687,-0.086662850742714,3,17,6,1
23,-1.08328613249431,-0.672678351545933,3,17,6,1
23,-1.04844541801986,-0.980452827298893,3,17,6,1
23,-0.999618165193667,-0.75747373112824,3,17,6,1
23,0.937861672887245,1.5753321405592,5,17,6,1
23,1.44739752296325,0.335810873328213,4,17,6,1
23,-0.865211063486191,-0.155615947994387,3,17,6,1
23,1.44911325408869,-0.426031642334452,4,17,6,1
23,-0.769956844983958,-0.57373099160271,3,17,6,1
23,-0.562866144621423,0.72911112272294,1,17,6,1
23,-0.677654518391443,-0.50798390127473,3,17,6,1
23,-0.727060048557126,0.69025064047921,1,17,6,1
23,-0.598437699369593,-0.950730068005329,3,17,6,1
23,-0.539786776741382,-0.808377837363629,3,17,6,1
23,1.44235586349568,0.751722463161429,5,17,6,1
23,-0.859327840578061,-0.43716741269404,3,17,6,1
23,-0.667264439133874,-1.38764023460543,3,17,6,1
23,0.743494734733111,0.140945346374594,1,17,6,1
23,-0.492960687141494,-1.28665934847712,3,17,6,1
23,-0.268069456638973,-0.101299592618954,1,17,6,1
23,1.16878581207142,0.297327251276446,4,17,6,1
23,-0.182715782887022,0.175584113048124,1,17,6,1
23,-0.136526030033775,0.27910417127655,1,17,6,1
23,-0.0784350366745674,0.0983576755234239,1,17,6,1
23,-0.0390286165396682,0.0117157942105646,1,17,6,1
23,1.52907369174406,-0.271591806707246,4,17,6,1
23,0.0427730712813868,-0.174040485827282,1,17,6,1
23,0.100695157678084,1.0222064574792,1,17,6,1
23,-0.892069379721285,-0.782149798484164,3,17,6,1
23,-0.96068126679647,0.106156471423202,3,17,6,1
23,0.239364623950805,0.174913374120158,1,17,6,1
23,-0.129544598979909,0.203404588763777,1,17,6,1
23,-1.33910660878395,0.112058026932884,3,17,6,1
23,0.693483253515887,1.48263431853256,5,17,6,1
23,0.761348097904702,1.35679513035884,5,17,6,1
23,0.571535199985808,0.886331089718317,1,17,6,1
23,0.0405755868568082,0.585833763341474,1,17,6,1
23,-0.53612017025803,-1.35823963375972,3,17,6,1
23,-0.281401108488846,0.964026097041489,1,17,6,1
23,0.637499765055094,0.372151310493002,1,17,6,1
23,0.950788703085396,0.179329231347392,4,17,6,1
23,0.727937752091369,0.412293650051015,1,17,6,1
23,-0.785111732851737,-1.57406611783412,3,17,6,1
23,-0.495596415080391,-1.38104973431463,3,17,6,1
23,0.879692192153161,0.987519404772441,5,17,6,1
23,0.922546783140362,1.17630343880149,5,17,6,1
23,0.872272918114381,1.41478115583214,5,17,6,1
23,-0.588259592264913,-1.41887837912646,3,17,6,1
23,1.11134472743613,0.0752844009246736,4,17,6,1
23,0.616207472377432,1.57234599123742,5,17,6,1
23,1.46465390809753,-0.218973237173104,4,17,6,1
23,1.18850822831907,1.42552638872803,5,17,6,1
23,-0.892716269104884,-1.63727027142599,3,17,6,1
23,1.27551824168282,1.21661197170062,5,17,6,1
23,1.33631112889348,1.0168782080519,5,17,6,1
23,-0.835706507988817,-1.14911210211231,3,17,6,1
23,0.679306815578236,1.40078494766305,5,17,6,1
23,1.0669875225027,1.48656527872771,5,17,6,1
23,1.5137094396363,1.92246035586423,5,17,6,1
23,1.5522930425378,0.867847083890431,5,17,6,1
23,-0.9524691606256,-0.476434256818315,3,17,6,1
23,-0.467214083781356,-0.718127311706331,3,17,6,1
23,1.69311293126175,1.64385633705669,5,17,6,1
23,1.68928838630709,-0.762290977332763,1,18,6,1
23,-0.27847804205807,1.15732048925408,2,18,6,1
23,1.24562546799436,0.542389893884987,3,18,6,1
23,-1.73258161098972,-1.03838488647286,4,18,6,1
23,-0.398850418935039,-1.12168795971766,5,18,6,1
23,1.3612717351265,-0.0517114193158506,1,18,6,1
23,-1.59602254018158,-1.44229008878576,4,18,6,1
23,-1.53170279611554,-1.80094631111218,4,18,6,1
23,0.0459816585028036,-0.734215245283594,5,18,6,1
23,-0.193894089592207,-0.795375376476432,5,18,6,1
23,-1.39775048267329,-0.624255826673703,5,18,6,1
23,-1.34744512402167,-2.17920555026164,4,18,6,1
23,-1.29581186953334,-1.04089124262317,5,18,6,1
23,0.937045954751723,-0.684363747281744,1,18,6,1
23,0.0643681110361578,-0.366688212240983,5,18,6,1
23,-1.15505124595541,-0.722063468149065,5,18,6,1
23,-0.457754691031141,1.08994304431671,2,18,6,1
23,-1.06241629621861,-1.98149255207666,4,18,6,1
23,-0.688447689379977,1.30199987277407,2,18,6,1
23,-0.950753229882707,-0.196312531295318,5,18,6,1
23,-0.907778497075216,-0.862495341333197,5,18,6,1
23,-0.859186313197344,-0.546124174415671,5,18,6,1
23,-0.025629099647051,-0.043305259193151,5,18,6,1
23,-0.00951431043355416,1.10859691201987,3,18,6,1
23,-0.544189889376454,1.47447077125413,2,18,6,1
23,-0.925240171435583,-1.00531021062876,5,18,6,1
23,1.36902610280765,0.233313687670896,1,18,6,1
23,-0.568462092776645,-1.37334168885022,5,18,6,1
23,-0.424290919622435,1.07064243206734,2,18,6,1
23,-0.468314975760814,-0.24249704805861,5,18,6,1
23,-0.427828948758326,-0.31794911054358,5,18,6,1
23,-0.370186134928933,0.057435231977786,5,18,6,1
23,-0.322972431373095,-0.657454792721046,5,18,6,1
23,-1.12787733472508,-1.07084673300006,5,18,6,1
23,-1.90209930330827,-1.86609963805925,4,18,6,1
23,-0.184548277323834,-0.622234435435469,5,18,6,1
23,0.828194791019442,0.348924251870095,3,18,6,1
23,-0.0871551795690169,0.148270513538738,5,18,6,1
23,-0.0335881596216289,0.311769168059952,5,18,6,1
23,0.0188356609835145,0.761448106167315,3,18,6,1
23,0.0699834458015975,0.623527465423997,3,18,6,1
23,0.106642364216901,-0.235338528361773,5,18,6,1
23,0.162562305727966,0.49813648118576,3,18,6,1
23,-1.24985247147303,-1.84450075231031,4,18,6,1
23,0.261548856672064,0.342152830866321,3,18,6,1
23,0.41024108237536,0.586048775116654,3,18,6,1
23,-0.34218666097343,-0.455819752904661,5,18,6,1
23,0.401803667762264,0.35946832312499,3,18,6,1
23,0.783035643426989,0.61882858861036,3,18,6,1
23,0.506807380482684,0.467652721066687,3,18,6,1
23,0.540732620846568,0.301203318369868,3,18,6,1
23,-0.282095589870268,1.53917873096317,2,18,6,1
23,0.643007226309663,0.583368900156073,3,18,6,1
23,0.686482357314717,-0.13092911607341,1,18,6,1
23,0.916372934912043,0.472550098829988,3,18,6,1
23,-0.472514110010658,1.79302977871826,2,18,6,1
23,0.836137271210876,0.816218575683172,3,18,6,1
23,0.764633538254285,0.749021480413924,3,18,6,1
23,0.927931688783486,1.71549788046226,3,18,6,1
23,0.979948777035644,0.3263205877543,3,18,6,1
23,1.02734648526363,0.726072766795049,3,18,6,1
23,1.10922375811086,0.0802624275656622,1,18,6,1
23,-1.76493850938768,-1.38903505538964,4,18,6,1
23,-1.29843268160318,1.29765831019408,2,18,6,1
23,1.33637678982544,-0.450728143218471,1,18,6,1
23,1.27558263085682,0.8435430080503,3,18,6,1
23,1.3318871737367,1.09407574767223,3,18,6,1
23,0.086192274795499,-0.835480981154022,5,18,6,1
23,1.58842130939356,0.101444841257269,1,18,6,1
23,1.47930075684436,1.26176228430745,3,18,6,1
23,-2.08859205569418,-1.57799716998385,4,18,6,1
23,1.56408769464206,1.19251738369777,3,18,6,1
23,1.62596880365243,1.42853149972525,3,18,6,1
23,0.0694469763059651,-0.149283230036298,5,18,6,1
23,1.72309056142433,1.79434937590402,3,18,6,1
23,-1.60535292343821,-1.18466572499689,1,19,6,1
23,-1.5698026244187,-2.04565020729548,1,19,6,1
23,-1.51456224807263,-1.49676637650935,1,19,6,1
23,-1.48285497598214,-1.8169467660642,1,19,6,1
23,-1.43970085175254,-1.28304597913816,1,19,6,1
23,-1.38783874253007,-1.06924042044212,1,19,6,1
23,0.837211627934926,0.581455495381811,2,19,6,1
23,-0.432697235350345,0.678276551175627,3,19,6,1
23,-1.25179620427947,-1.15843192981345,1,19,6,1
23,-1.21101680086502,-0.906225475869834,1,19,6,1
23,0.453118161095682,-0.513668017326257,4,19,6,1
23,0.220626137938403,0.852686329296271,2,19,6,1
23,-1.06937236029146,-0.849577259085062,1,19,6,1
23,0.0236751989627335,0.426749987353546,3,19,6,1
23,1.83755112343432,1.55869263030803,5,19,6,1
23,1.6763670146432,1.14631520223135,5,19,6,1
23,-0.894249391561754,-1.14996747358657,1,19,6,1
23,-0.844045580900654,-0.460082199253036,3,19,6,1
23,-0.807134488191311,-0.555620405788382,3,19,6,1
23,-1.39720303039536,-1.27696483996133,1,19,6,1
23,-0.71368421312879,-0.846910299362059,3,19,6,1
23,0.0540927197176149,0.31296034437349,3,19,6,1
23,-1.13813753523207,-1.12231018588157,1,19,6,1
23,0.368043717809066,-0.616998959999529,4,19,6,1
23,-0.540617700949679,-0.933098270015457,3,19,6,1
23,0.630991175481146,-0.325600786552842,4,19,6,1
23,-0.440129763253644,-0.661735456960834,3,19,6,1
23,-0.395940627595836,-0.336252353617723,3,19,6,1
23,-0.353221565886775,-0.184020912235833,3,19,6,1
23,-0.302061653507662,0.39112402782743,3,19,6,1
23,-1.71193993288947,-0.902710397594925,1,19,6,1
23,-0.214633672830133,0.091581739259908,3,19,6,1
23,0.143450470383999,0.6852670017708,2,19,6,1
23,-0.124895321442536,-0.281715258113687,3,19,6,1
23,-0.0805649414843159,-0.0901751098309067,3,19,6,1
23,-0.0415269342556435,-0.395498309530391,3,19,6,1
23,0.552707785736935,-0.639450269276989,4,19,6,1
23,-1.18070942569493,-1.25382833077,1,19,6,1
23,-0.162786202048151,0.382745649080907,3,19,6,1
23,0.13435470631342,0.0411543556977014,4,19,6,1
23,-1.49765754998036,-1.10613791367905,1,19,6,1
23,0.30361874022607,0.932228023628861,2,19,6,1
23,-0.81477591128121,-0.222938572225894,3,19,6,1
23,-0.557394421149014,0.00581810912120315,3,19,6,1
23,-0.191807514030627,0.685325971770139,3,19,6,1
23,0.408528486190067,-0.00919648757634979,4,19,6,1
23,0.539857858038151,-1.01100877396763,4,19,6,1
23,0.494452495889038,1.26081623438338,2,19,6,1
23,0.935978408788449,-0.837316374308921,4,19,6,1
23,0.582710436217776,0.616733500046107,2,19,6,1
23,0.675635340981704,0.484134599871903,2,19,6,1
23,0.152299616657838,0.844782298855134,2,19,6,1
23,0.732031651627393,-0.210657198224605,4,19,6,1
23,0.760121550794315,0.601844534771376,2,19,6,1
23,-1.09553014878334,-1.08546262829371,1,19,6,1
23,-0.67734838221628,0.123138136637758,3,19,6,1
23,1.0015458264963,1.72422168803546,5,19,6,1
23,1.60540150813299,1.82987550233424,5,19,6,1
23,0.997655318434018,0.254260038489257,2,19,6,1
23,0.357918046632593,1.20948832135299,2,19,6,1
23,-1.25441758052447,-1.1459875946719,1,19,6,1
23,1.13156190479089,0.58752007995922,2,19,6,1
23,0.526680030188831,-0.575141408054666,4,19,6,1
23,1.21366523408815,1.66276505889316,5,19,6,1
23,1.26781640241757,1.39711133320546,5,19,6,1
23,1.3003964159598,0.396464601178228,2,19,6,1
23,1.35091827896933,1.64927578588627,5,19,6,1
23,-0.259809380087484,-0.213360556444523,3,19,6,1
23,1.44540188346685,1.894081281248,5,19,6,1
23,1.48717970932386,1.40974440173337,5,19,6,1
23,0.511272882350327,-0.780348633341018,4,19,6,1
23,1.58219074912554,1.10790136316858,5,19,6,1
23,-1.02789039070935,0.20633285036937,3,19,6,1
23,1.66881659544977,1.45671733653817,5,19,6,1
23,1.71926301630237,2.06512375042662,5,19,6,1
23,-0.7185989229338,-1.15066855515218,1,20,6,1
23,-1.65786854619814,-1.53339908572999,2,20,6,1
23,-1.6196521728254,-1.08288974611161,2,20,6,1
23,-1.57478159892769,-1.5673390214398,2,20,6,1
23,-1.51609241605107,-1.65977069490904,2,20,6,1
23,1.24615564298654,0.6383981889674,3,20,6,1
23,-1.43685996434782,-1.0310787256631,2,20,6,1
23,0.546098910001935,1.56004724646459,4,20,6,1
23,-0.30015080623684,0.806730126226861,5,20,6,1
23,-1.28507510922045,-1.39337419878811,2,20,6,1
23,1.31405826390962,-0.155662314962725,3,20,6,1
23,-1.20120370068244,-0.928937718884624,1,20,6,1
23,-0.759289146074711,0.885288609898283,5,20,6,1
23,-1.10891145392061,-1.60552804126605,2,20,6,1
23,-1.063809700986,-0.892423705351257,1,20,6,1
23,-0.0542882460316637,0.947124167989303,5,20,6,1
23,-0.974946433955005,-0.770796008515761,1,20,6,1
23,-0.0149566719378419,1.43933369558537,5,20,6,1
23,-0.866841013433102,-0.419953201569399,1,20,6,1
23,-0.820127187840045,-1.13640500179802,1,20,6,1
23,-1.3677959684914,-1.38591509590702,2,20,6,1
23,-0.739633494683459,-1.08322171145208,1,20,6,1
23,-1.14720220775179,-1.77999428423178,2,20,6,1
23,-0.894827125561263,-0.417180810215577,1,20,6,1
23,-0.596764693097773,-0.69069625859349,1,20,6,1
23,0.691108945153199,0.283139731298627,3,20,6,1
23,-0.498166018537659,-0.908703968558046,1,20,6,1
23,-1.70587355871085,-1.24763864833043,2,20,6,1
23,-0.406965106745554,-0.692841207154946,1,20,6,1
23,-0.367308082628885,-0.624925953304986,1,20,6,1
23,-0.32007881641329,-0.150914670867443,5,20,6,1
23,-0.980979142832865,-0.475102075827634,1,20,6,1
23,-0.232268614580312,0.181047236061003,5,20,6,1
23,-1.74976486245829,-1.93641593102605,2,20,6,1
23,0.786387721734374,0.672177173185968,3,20,6,1
23,-0.080364269802809,-0.418473912633567,1,20,6,1
23,-0.0438470172507402,-0.508374390661888,1,20,6,1
23,-1.00955699022438,-1.04356611121687,1,20,6,1
23,1.0958335194268,-0.0925347279232257,3,20,6,1
23,0.095771730212929,0.0653190987796912,5,20,6,1
23,0.149084872557819,0.18437758176797,5,20,6,1
23,0.200936246949546,0.266425658801268,5,20,6,1
23,0.238931487026631,0.515919166177441,3,20,6,1
23,0.278538191328498,0.3627478987128,3,20,6,1
23,-0.469053708145787,1.45271977754898,5,20,6,1
23,1.1329541792926,0.715532944849924,3,20,6,1
23,0.426568472895948,0.581495421199677,3,20,6,1
23,-0.292903373510264,1.08726238979187,5,20,6,1
23,0.518395697396994,0.184358207130436,3,20,6,1
23,0.161972294355394,1.10838139603305,5,20,6,1
23,-0.848660670406607,-1.48548756295761,1,20,6,1
23,0.658915719594088,0.417984394642199,3,20,6,1
23,-0.93716932563185,-0.83167531173327,1,20,6,1
23,-0.582305022115124,1.10815380023893,5,20,6,1
23,0.803795975748797,0.277817884548625,3,20,6,1
23,-0.00902361450234992,0.821994838062617,5,20,6,1
23,0.893180867382489,0.919437763512926,3,20,6,1
23,0.941200712362119,0.962272937754425,3,20,6,1
23,1.508493651252,-0.2343872121495,3,20,6,1
23,1.03673335740132,0.582430997184259,3,20,6,1
23,1.06914093299411,0.402471076533124,3,20,6,1
23,1.11757121146331,0.478691903450979,3,20,6,1
23,1.17660199109836,-0.614707219967708,3,20,6,1
23,1.21215997626804,1.39780272916162,4,20,6,1
23,1.25174231546851,1.40068481104408,4,20,6,1
23,0.728562546325528,0.234655692612971,3,20,6,1
23,1.35785307940564,0.697647996684877,3,20,6,1
23,0.724683313825364,-0.364997310243832,3,20,6,1
23,1.43859279988449,1.00877287390894,4,20,6,1
23,0.451776177323456,0.441157360698756,3,20,6,1
23,1.54536282278939,1.64495202833806,4,20,6,1
23,0.41711666910232,0.615943091950038,3,20,6,1
23,1.63471886606763,1.45673959533103,4,20,6,1
23,1.67645502622611,1.89866246109679,4,20,6,1
23,1.72651058847402,1.60988044187285,4,20,6,1
23,0.996138871107654,1.52988478497609,1,1,6,1
23,0.0756915355933732,-0.71005694370619,2,1,6,1
23,-0.700539834495032,-1.44984097750912,3,1,6,1
23,0.684035702785162,0.964422774470015,1,1,6,1
23,-1.39768005402376,0.799292600721332,4,1,6,1
23,1.33403197593852,1.08633718004452,1,1,6,1
23,-0.714825485500009,0.471068987314789,4,1,6,1
23,-0.401760602734014,-1.88877395501992,3,1,6,1
23,-0.400756145935714,-1.05663739100632,3,1,6,1
23,0.853195113356517,1.41502884374306,1,1,6,1
23,-0.578787852912916,-1.23516025429172,3,1,6,1
23,-1.09717842414286,0.584808283929875,4,1,6,1
23,-0.167573287783528,-0.706729329371377,2,1,6,1
23,0.142550551095848,-0.115164034859101,2,1,6,1
23,1.73885288257007,-0.170531509742658,5,1,6,1
23,-1.08144994574554,-1.72408227766685,3,1,6,1
23,0.233387773241023,-0.953273189503758,2,1,6,1
23,0.257332954254737,-0.52298489211489,2,1,6,1
23,-0.687448961961439,-2.08824028150251,3,1,6,1
23,0.581526607605496,1.25918907308728,1,1,6,1
23,0.67212599135775,0.633606446865203,1,1,6,1
23,-1.2340852586566,0.963931132526935,4,1,6,1
23,0.132327665533141,-0.859310053968623,2,1,6,1
23,0.151991258787256,-0.877221566573582,2,1,6,1
23,1.91486488855046,0.0895628395729519,5,1,6,1
23,0.631573464239961,-0.643632280976396,2,1,6,1
23,0.512199961985245,-0.458593241016124,2,1,6,1
23,-0.857676736622637,-1.49830616595671,3,1,6,1
23,-1.285249666466,1.31449450955687,4,1,6,1
23,0.911496343719996,1.05020001423305,1,1,6,1
23,-0.973763851497578,0.489224650385084,4,1,6,1
23,0.970670196592447,1.06073666393351,1,1,6,1
23,0.51511987475458,-1.03337804051647,2,1,6,1
23,1.29533913228164,0.165958264344707,5,1,6,1
23,0.0230158592727794,-0.768617075558569,2,1,6,1
23,1.34180619485543,-0.340775273772409,5,1,6,1
23,0.259914882207482,-0.76590016928476,2,1,6,1
23,0.554498998108435,0.917023079927221,1,1,6,1
23,-1.27879387638121,0.547902831867223,4,1,6,1
23,2.11887576977373,0.124392446650697,5,1,6,1
23,0.895442671127572,1.33148886263159,1,1,6,1
23,-0.0132703784891848,-0.739954174468107,2,1,6,1
23,-1.35384700612154,0.669182401839608,4,1,6,1
23,-1.28788417151562,0.865650299626718,4,1,6,1
23,-0.728434076967919,0.492797081477525,4,1,6,1
23,-0.597318323901508,-1.29844915429863,3,1,6,1
23,-0.94643412455968,0.836671961279414,4,1,6,1
23,-1.12668976549944,0.798981242303719,4,1,6,1
23,-1.32676424099517,0.851901900352155,4,1,6,1
23,1.32317853603842,-0.0614129254464864,5,1,6,1
23,0.968797597598903,1.1982351268148,1,1,6,1
23,-0.531259237593127,-1.55140674644874,3,1,6,1
23,-1.18176948701227,-0.057877911133458,4,1,6,1
23,1.87158940854196,0.167502905424844,5,1,6,1
23,-1.70983376507166,0.655683637372914,4,1,6,1
23,0.821793436328021,0.883596701997179,1,1,6,1
23,0.355534734357102,1.03235291540918,1,1,6,1
23,-0.958399785583832,-1.09615575857811,3,1,6,1
23,-0.587687724640418,0.515690428662096,4,1,6,1
23,-1.02783701880578,0.602817158915,4,1,6,1
23,1.41605265664076,-0.0334702554066136,5,1,6,1
23,1.76771560076719,0.26666145703553,5,1,6,1
23,1.2409988032456,-0.0052993130043394,5,1,6,1
23,-1.24117291820808,0.749490242748704,4,1,6,1
23,-0.358699544790855,0.160595421340913,4,1,6,1
23,0.902523244513268,1.76363998029519,1,1,6,1
23,-0.622832212158881,-1.68615628793166,3,1,6,1
23,-0.331106142799826,-1.90075474711066,3,1,6,1
23,-1.01187714226913,-1.70561830922564,3,1,6,1
23,-0.167495021261019,-1.50957097283702,3,1,6,1
23,0.257620946547662,-0.315386083796967,2,1,6,1
23,-1.49646441744407,0.741679053923684,4,1,6,1
23,0.949808562366731,-0.126795709502724,5,1,6,1
23,0.727706649416604,1.09501340115686,1,1,6,1
23,-0.936680806510682,0.808819664349174,4,1,6,1
